,Name,Services provided,Cost ($) ex GST 
2,139PRIME PTY LTD,Professional Services,26520
3,8T8 TECHNOLOGIES,IT Services,8140
4,A ABRAHAMS + OTHERS,Professional Services,23639
5,A G COOMBS SERVICING PTY LIMITED,"Utilities, Infrastructure/Sustainability, Transport and Project Management Services",2029
6,ABORIGINES ADVANCEMENT LEAGUE,Education and Community Development Services,1098
7,ACCELERATED KNOWLEDGE TECHNOLOGIES PTY LTD,Professional Services,31873
8,ACCELERATOR COMMUNICATIONS PTY LTD,Professional Services,380842
9,ACCESS INNOVATION MEDIA PTY LIMITED,"Publishing, Printing, Promotions and Communications or Marketing Services",7025
10,ACIL ALLEN CONSULTING PTY LTD,"Professional Services (Research, Leadership and Professional Development)",239048
11,ACTIV8 TECHNOLOGIES PTY LTD,IT Services,69542
12,ADAPS CONSULTING PTY LTD,Recruitment Services,18960
13,ADECCO AUSTRALIA PTY LTD,Contract Staff (Whole of Government State Purchase Contract),256369
14,ADGO PTY LTD,Education Services,2450
15,ADVANCE SECURITY,"Utilities, Infrastructure/Sustainability, Transport and Project Management Services",22195
16,AECOM SERVICES PTY LTD,Professional Services,4490
17,AFFINITEXT INC,Professional Services,15000
18,AFS INTERCULTURAL PROGRAMS AUSTRALIA,Education Services,196208
19,AG BELL ACADEMY,Education Services,591
20,AGENDA GROUP PTY LTD,Professional Services,91000
21,AGILE + ASSOCIATES,Professional Services,4160
22,AGL TECHNOLOGY PTY LTD,IT Services,13012
23,AKA PROJECTS PTY LTD,Professional Services,8230
24,ALL SEASONS BENDIGO,"Accommodation, Event, Functions and Conference",12836
25,ALLIED PICKFORDS BUSINESS RELOCATIONS MELBOURNE,"Utilities, Infrastructure/Sustainability, Transport and Project Management Services",3006
26,ALMEGA PTY LTD,IT Project Management Services,96797
27,ALMEGA SOLUTIONS,IT Services,4302
28,ALTIS CONSULTING PTY LTD,Professional Services,25138
29,ALTUS PAGE KIRKLAND,"Utilities, Infrastructure/Sustainability, Transport and Project Management Services",29080
30,AMION SERVICES,IT Services,39643
31,AMQ CONSULTING PTY LTD,Professional Services,4500
32,ANDREW FULLER+ASSOCIATES,"Professional Services (Research, Leadership and Professional Development)",14673
33,ANDREW PEGLER MEDIA,Professional Services,51465
34,ANNE DALTON + ASSOCIATES,Professional Services,56665
35,ANT HOUSE PTY LTD,Education Services,37273
36,ANU ENTERPRISE PTY LIMITED,Professional Services,47759
37,AP CONSULTANTS,IT Services,40223
38,APLUS IT SERVICES PTY LTD,IT Services,75310
39,APPSCORE INTERNATIONAL PTY LTD,Professional Services,45173
40,AQUA CENTRAL NATURAL SPRINGWATER PTY LTD,"Utilities, Infrastructure/Sustainability, Transport and Project Management Services",351
41,AQUENTA CONSULTING PTY LTD,Professional Services,1200
42,ARCBLUE,Education Services,11700
43,ARMOUR SECURITY,"Utilities, Infrastructure/Sustainability, Transport and Project Management Services",1930
44,ARRUS KNOBLE (AUST) PTY LTD,Professional Services,14000
45,ARTIS GROUP PTY LIMITED,Professional Services,333724
46,ASB COMPUTER CONSULTING,IT Services,11750
47,ASG GROUP LIMITED,IT Services,340649
48,ASLIA VIC INC,Professional Services,4780
49,ASSAI CONSULT PTY LTD,Professional Services,7732
50,ASTHMA FOUNDATION OF VICTORIA,HR Services,27746
51,ASYMMETRICS PTY LTD,"Professional Services (Research, Leadership and Professional Development)",4606406
52,ATCO STRUCTURES AND LOGISTICS PTY LTD,"Utilities, Infrastructure/Sustainability, Transport and Project Management Services",912547
53,ATOS (AUSTRALIA) PTY LTD,IT Services,45371
54,AUCKLAND UNISERVICES LIMITED,Education Services,304727
55,AUDIO VISUAL TECHNOLOGIES PTY LTD,"Publishing, Printing, Promotions and Communications or Marketing Services",5200
56,AURECON AUSTRALIA PTY LTD,"Utilities, Infrastructure/Sustainability, Transport and Project Management Services",149466
57,AUSCO MODULAR PTY LIMITED,"Utilities, Infrastructure/Sustainability, Transport and Project Management Services",69824
58,AUSTRALASIAN SOCIETY OF CLINICAL IMMUNOLOGY + ALLERGY LIMITED,HR Services,27500
59,AUSTRALIAN ACADEMY OF SCIENCE,"Professional Services (Research, Leadership and Professional Development)",99423
60,AUSTRALIAN ASSOCIATION OF TEACHERS OF THE DEAF INC,"Professional Services (Research, Leadership and Professional Development)",24150
61,AUSTRALIAN BUREAU OF STATISTICS (MELB),Professional Services,3005
62,AUSTRALIAN CATHOLIC UNIVERSITY LIMITED,"Professional Services (Research, Leadership and Professional Development)",33777
63,AUSTRALIAN CENTRE FOR AUTISM SERVICES PTY LTD,Education and Community Development Services,2190
64,AUSTRALIAN CENTRE FOR ENVIRONMENTAL COMPLIANCE PTY LTD,"Utilities, Infrastructure/Sustainability, Transport and Project Management Services",39550
65,AUSTRALIAN CENTRE FOR THE MOVING IMAGE,Professional Services,955
66,AUSTRALIAN CHILDHOOD FOUNDATION,Education and Community Development Services,173225
67,AUSTRALIAN CHILDHOOD TRAUMA GROUP PTY LTD,Education and Community Development Services,2775
68,AUSTRALIAN COUNCIL FOR EDUCATIONAL RESEARCH (ACER),"Professional Services (Research, Leadership and Professional Development)",221001
69,AUSTRALIAN COUNCIL FOR PRIVATE EDUCATION AND TRAINING (VIC),Education Services,1182
70,AUSTRALIAN HEALTHCARE ASSOCIATES PTY LTD,Professional Services,1386585
71,AUSTRALIAN HEARING SERVICES,Education and Community Development Services,70290
72,AUSTRALIAN INDUSTRY GROUP,Professional Services,88182
73,AUSTRALIAN INSTITUTE FOR TEACHING AND SCHOOL LEADERSHIP LIMITED,Education Services,20400
74,AUSTRALIAN PACIFIC TRAINING SOLUTIONS PTY LTD,Education Services,2270
75,AUSTRALIAN SURVEY RESEARCH,"Publishing, Printing, Promotions and Communications or Marketing Services",93526
76,AUTISM PARTNERSHIP PTY LTD,Education and Community Development Services,3100
77,AUTOMATIC DATA PROCESSING LIMITED,HR Services,826383
78,AVENUE INFORMATION TECHNOLOGY PTY LTD,IT Services,11719
79,AWARD FORCE PTY LTD,"Professional Services (Research, Leadership and Professional Development)",9356
80,AZ COMPUTER SERVICES PTY LTD,IT Services,60587
81,BAADE HARBOUR AUSTRALIA PTY LTD,"Utilities, Infrastructure/Sustainability, Transport and Project Management Services",123371
82,BACCON PHOTO,"Publishing, Printing, Promotions and Communications or Marketing Services",850
83,BAGUS KAN,Education Services,1390
84,BAILLIE HOLDINGS PTY LIMITED,Professional Services,4885
85,BAINBRIDGE ASSOCIATES PTY LTD,Professional Services,71600
86,BALANCE INTERIORS,"Utilities, Infrastructure/Sustainability, Transport and Project Management Services",3264
87,BALLARAT CITY COUNCIL,Education and Community Development Services,1142
88,BANYULE NILLUMBIK LOCAL LEARNING EMPLOYMENT NETWORK,Training Services,69119
89,BAW BAW LATROBE LOCAL LEARNING AND EMPLOYMENT NETWORK INC,Training Services,60070
90,BEACON FOUNDATION,Education and Community Development Services,45455
91,BEATON GROUP PTY LTD,Professional Services,4000
92,BEHAVIOURAL RESOURCES AUSTRALIA PTY LTD,Education Services,12263
93,BELGRAVIA HEALTH & LEISURE GROUP PTY LTD,"Accommodation, Event, Functions and Conference",1364
94,BELL CITY HOTEL MANAGEMENT PTY LIMITED,"Accommodation, Event, Functions and Conference",1163
95,BELLBERRY LIMITED,Professional Services,5250
96,BENALLA SAINTS SPORTS CLUB,"Accommodation, Event, Functions and Conference",600
97,BENALLA SPORTS ENTERTAINMENT CENTRE,"Accommodation, Event, Functions and Conference",300
98,BENDELTA PTY LTD,Professional Services,12938
99,BENDIGO COACHLINES,"Utilities, Infrastructure/Sustainability, Transport and Project Management Services",900
100,BENDIGO PSYCHOLOGY,Education Services,850
101,BENO LOGICS,"Publishing, Printing, Promotions and Communications or Marketing Services",3825
102,BERKSHIRE SERVICES,"Utilities, Infrastructure/Sustainability, Transport and Project Management Services",41172
103,BERNARD GROUP PTY LTD,Professional Services,45100
104,BEST GROUP SIGNAGE AND VISUAL CONCEPTS,"Publishing, Printing, Promotions and Communications or Marketing Services",28396
105,BEST WESTERN ADMIRALTY INN,"Accommodation, Event, Functions and Conference",122
106,BEVERIDGE WILLIAMS AND CO PTY LTD,"Utilities, Infrastructure/Sustainability, Transport and Project Management Services",14920
107,BEVINGTON CONSULTING PTY LTD,Professional Services,317127
108,BEYOND THE BOX,IT Services,946
109,BILL HUNT CONSULTANCY SERVICES,Professional Services,38961
110,BINARY BLUE,Recruitment Services,22700
111,BLACKCOMPASS SOFTWARE,IT Project Management Services,90000
112,BLICK CREATIVE INDUSTRIES PTY LTD,"Publishing, Printing, Promotions and Communications or Marketing Services",11244
113,BLUE GUM JOINERY PTY LTD,"Utilities, Infrastructure/Sustainability, Transport and Project Management Services",429
114,BLUE SHADOW GROUP PTY LTD,"Publishing, Printing, Promotions and Communications or Marketing Services",2138
115,BLUE STAR GROUP VICTORIA PTY LIMITED,"Utilities, Infrastructure/Sustainability, Transport and Project Management Services",396
116,BLUE SYSTEMS PTY LTD T/A BLUE FIRE SYSTEMS,"Utilities, Infrastructure/Sustainability, Transport and Project Management Services",1224
117,BLUEARTH FOUNDATION,Education Services,16800
118,BLUEBOAT PTY LTD,"Publishing, Printing, Promotions and Communications or Marketing Services",20756
119,BOOGIE01 MEDIA PTY LTD,"Publishing, Printing, Promotions and Communications or Marketing Services",147433
120,BOSTON CONSULTING GROUP PTY LTD,Professional Services,575000
121,BRAMPTON COMPUTERS,IT Services,4709
122,BRAND BEAGLE PTY LTD,"Publishing, Printing, Promotions and Communications or Marketing Services",42500
123,BRASH CONSULTING,Professional Services,5950
124,BRB MODULAR PTY LTD T/A FLEETWOOD,"Utilities, Infrastructure/Sustainability, Transport and Project Management Services",1888505
125,BREMER AND CO PTY LTD,Professional Services,37460
126,BRIDGING POLICY AND PRACTICE,Education Services,154625
127,BRIGHT SPARK COMPUTER SOLUTIONS,IT Services,15166
128,BRIGHTSTAR CONSULTING,"Professional Services (Research, Leadership and Professional Development)",4959
129,BRITER COMPUTERS PTY LTD,IT Services,119753
130,BROACHED COMMISSIONS PTY LTD,Professional Services,2037
131,BROADBENT MEDIA SERVICES,"Publishing, Printing, Promotions and Communications or Marketing Services",28725
132,BSOFT TECHNOLOGIES PTY LTD,IT Services,31553
133,BUBUP WILAM FOR EARLY LEARNING,Early Childhood Services,21819
134,BUDGET COMPUTER SERVICES,IT Services,16535
135,BUSLINK SUNRAYSIA PTY LTD,"Utilities, Infrastructure/Sustainability, Transport and Project Management Services",3195
136,BYTEWIZE,IT Services,65978
137,C3 BUSINESS SOLUTIONS PTY LTD,IT Project Management Services,178010
138,CADELL ON THE MURRAY MOTEL RESORT,"Accommodation, Event, Functions and Conference",95
139,CAFE 6 SIX 5 FIFTY 5 FIVE,"Accommodation, Event, Functions and Conference",327
140,CAMPASPE COHUNA LOCAL LEARNING AND EMPLOYMENT NETWORK INC,Training Services,49235
141,CAPIRE CONSULTING GROUP PTY LTD,Education Assessment Services,487213
142,CAREER EDUCATION ASSOCIATION OF VICTORIA,"Professional Services (Research, Leadership and Professional Development)",31109
143,CAS EDUCON PTY LTD,Professional Services,473744
144,CASEY CITY COUNCIL,Education and Community Development Services,650
145,CBRE (V) PTY LIMITED,"Utilities, Infrastructure/Sustainability, Transport and Project Management Services",22500
146,CDA CONSULTING,Professional Services,32760
147,CDS SOLUTIONS PTY LTD,IT Services,42244
148,CEBRIDGE PTY LTD,IT Project Management Services,242488
149,CENTER ON DISABILITY AND COMMUNITY INCLUSION,Professional Services,2158
150,CENTRAL GRAMPIANS LOCAL LEARNING OF EMPLOYMENT NETWORK INC,Training Services,46563
151,CENTRE FOR CONTINUING EDUCATION INC,Education Services,104024
152,CENTRE FOR EXCELLENCE IN CHILD+FAMILY WELFARE INC,Education and Community Development Services,3200
153,CENTRE FOR STRATEGIC EDUCATION,"Professional Services (Research, Leadership and Professional Development)",1065
154,CENTURY INN (TRARALGON),"Professional Services (Research, Leadership and Professional Development)",2841
155,CEREBRAL PALSY EDUCATION CENTRE,Education and Community Development Services,418
156,CHAMBERS CONSULTING,"Financial, Accounting, Audit, Taxation, Risk Management, Insurance Service",10950
157,CHANDLER MACLEOD GROUP LIMITED,Recruitment Services,29614
158,CHANGEWORKS CONSULTING,Professional Services,4625
159,CHARLES STURT UNIVERSITY,"Professional Services (Research, Leadership and Professional Development)",3630
160,CHARTERHOUSE PARTNERSHIP,Recruitment Services,96754
161,CHAUDHRI CONSULTING PTY LTD,Professional Services,17500
162,CHERYL L DICKSON TWC HILLS,Education and Community Development Services,65578
163,CHOCOLATE STUDIOS PTY LTD,"Publishing, Printing, Promotions and Communications or Marketing Services",19681
164,CHRIS WARDLAW PTY LTD,Professional Services,18000
165,CHRISTOPHER SHEN CONSULTING,Professional Services,15506
166,CHURCHILL CONSULTANCY,Professional Services,9360
167,CIRCLE T INDUSTRIES PTY LTD,IT Services,2360
168,CITRIX ONLINE AUS PTY LTD,Professional Services,752
169,CITY OF GREATER BENDIGO,Education and Community Development Services,2093
170,CITY TECHNOLOGY,IT Services,2742
171,CIVICA EDUCATION PTY LIMITED,IT Project Management Services,44423
172,CLEAR HORIZON CONSULTING PTY LTD,Professional Services,4200
173,CLEAR SOLUTIONS,IT Services,8359
174,CLICKS RECRUIT AUSTRALIA,Contract Staff (Whole-of-Government State Purchase Contract),6802751
175,COACH IN A BOX PTY LTD,Education Services,170417
176,COFFEY ENVIRONMENTS AUSTRALIA PTY LTD,"Utilities, Infrastructure/Sustainability, Transport and Project Management Services",3400
177,COGNICARE PTY LTD,Professional Services,550
178,COLES COACHES PTY LTD,"Utilities, Infrastructure/Sustainability, Transport and Project Management Services",1241
179,COLMAR BRUNTON PTY LIMITED,"Publishing, Printing, Promotions and Communications or Marketing Services",296929
180,COMMUNITY CHILD CARE ASSOCIATION INC,Education Services,150396
181,COMPRARA PTY LTD,Professional Services,102277
182,COMPREHENSIVE NEUROPSYCHOLOGICAL SERVICES,Education Services,8190
183,COMPUTERISED TECHNOLOGY,IT Services,21005
184,CONFERENCE INNOVATORS LTD,"Accommodation, Event, Functions and Conference",1478
185,CONSIDERED COMPLIANCE SERVICES PTY LTD,"Financial, Accounting, Audit, Taxation, Risk Management, Insurance Service",59940
186,CONSTRUCTING MODERN KNOWLEDGE LLC,Education Services,24807
187,CONSTRUCTION INFORMATION SYSTEMS LIMITED,"Utilities, Infrastructure/Sustainability, Transport and Project Management Services",52110
188,CONTENDO (NZ) LTD,Professional Services,5000
189,CONTENT SECURITY PTY LTD,IT Project Management Services,60000
190,CONVERGE INTERNATIONAL INCORPORATING RESOLUTIONSRTK PTY LTD,HR Services,305589
191,COOL BANANAS SERVICES PTY LTD,IT Services,1182155
192,COONARA COMMUNITY HOUSE INC,Education and Community Development Services,300
193,CORDINER KING AND CO PTY LTD,Professional Services,17800
194,CORPORATE SCORECARD PTY LIMITED,"Financial, Accounting, Audit, Taxation, Risk Management, Insurance Service",57017
195,CORRS CHAMBERS WESTGARTH SOLICITORS,Professional Services,404198
196,COSTAS CREATIVE MEDIA,"Publishing, Printing, Promotions and Communications or Marketing Services",409
197,COTSWOLD BUSINESS SOLUTIONS PTY LTD ATF P + A VALENTINE FAMILY TRUST,Professional Services,2700
198,COUNSELLING APPRAISAL CONSULTANTS PTY LTD,Professional Services,1706
199,COUNTRY EDUCATION PROJECT INC,Education Services,9750
200,COURT TRANSCRIPT SERVICES PTY LTD,Professional Services,2163
201,CPSE PTY LTD,Professional Services,3776
202,CREATE FOUNDATION LIMITED,Education and Community Development Services,172
203,CREATIVE HAT INTERPRETATION,Professional Services,12450
204,CRISIS COUNSELLING SERVICES,Professional Services,21367
205,CROWN COACHES PTY LTD,"Utilities, Infrastructure/Sustainability, Transport and Project Management Services",514
206,CROWN LTD,"Accommodation, Event, Functions and Conference",11536
207,CTP ENTERPRISES PTY LTD,Professional Services,124000
208,CTS ELECTRICAL AND AUTOMATION SERVICES,IT Services,9574
209,CUBE COMPANY PTY LTD,"Utilities, Infrastructure/Sustainability, Transport and Project Management Services",5500
210,CULTURAL PRODUCTION PTY LTD,Professional Services,13814
211,CUNNINGHAM PIER PTY LTD,Professional Services,2611
212,CVGT AUSTRALIA LIMITED,HR Services,175297
213,D AND D TAXATION CONSULTING PTY LTD,"Financial, Accounting, Audit, Taxation, Risk Management, Insurance Service",27025
214,D R WILSON CONSULTANTS,Professional Services,16855
215,DAINVILLE PTY LTD,Professional Services,1200
216,DANDOLO PARTNERS PTY LTD,"Professional Services (Research, Leadership and Professional Development)",749347
217,DANIEL STEFYN IT SERVICES,IT Services,16887
218,DARGLE CONSULTING PTY LTD,"Financial, Accounting, Audit, Taxation, Risk Management, Insurance Service",173636
219,DAVID BROOKS CONSULTING PTY LTD,"Financial, Accounting, Audit, Taxation, Risk Management, Insurance Service",41400
220,DAVID WILKINS AND ASSOCIATES,Professional Services,1200
221,DAVIS LANGDON AUSTRALIA PTY LTD,"Utilities, Infrastructure/Sustainability, Transport and Project Management Services",109825
222,DB RESULTS PTY LTD,IT Project Management Services,36575
223,DEAKIN UNIVERSITY,Education and Community Development Services,249539
224,DEEPEND MELBOURNE PTY LTD,IT Services,11840
225,DELOITTE ACCESS ECONOMICS,"Professional Services (Research, Leadership and Professional Development)",494741
226,DELOITTE TOUCHE TOHMATSU,"Financial, Accounting, Audit, Taxation, Risk Management, Insurance Service",1926810
227,DENCH MCCLEAN CARLSON PTY LTD,Professional Services,36185
228,DENIS MULLER AND ASSOCIATES,Professional Services,7150
229,DERWENT EXECUTIVE MELBOURNE PTY LTD,Recruitment Services,165975
230,DESIGN CORE ARCHITECTS PTY LTD,"Utilities, Infrastructure/Sustainability, Transport and Project Management Services",44842
231,DETAIL DEPARTMENT PTY LTD,IT Services,27000
232,DIALOG INFORMATION TECHNOLOGY,IT Services,49456
233,DIMENSION DATA AUSTRALIA PTY LIMITED,IT Project Management Services,311290
234,DIRECT WATER CARTAGE,"Utilities, Infrastructure/Sustainability, Transport and Project Management Services",480
235,DIRECTIONEERING VICTORIA UNIT TRUST,Professional Services,18000
236,DIVERSE APPLIANCE SERVICE PTY LTD,"Utilities, Infrastructure/Sustainability, Transport and Project Management Services",5682
237,DIXON APPOINTMENTS PTY LTD,Contract Staff (Whole-of-Government State Purchase Contract),94519
238,DJA DJA WURRUNG CLANS ABORIGINAL CORPORATION,Education and Community Development Services,650
239,DJERRIWARRH EMPLOYMENT AND EDUCATION SERVICES,Education and Community Development Services,58
240,DK2 PTY LTD,Education Services,110694
241,DL SOLUTIONS AND SERVICES P/L,IT Services,35183
242,DLA PIPER,Professional Services,10668
243,DMAC DIRECTIONS,Professional Services,46800
244,DMC WEB PTY LTD,"Publishing, Printing, Promotions and Communications or Marketing Services",3124
245,DR VINCENT CLARK + ASSOCIATES,"Utilities, Infrastructure/Sustainability, Transport and Project Management Services",27951
246,DRIFT MEDIA,"Publishing, Printing, Promotions and Communications or Marketing Services",15995
247,DTZ PTY LTD,"Utilities, Infrastructure/Sustainability, Transport and Project Management Services",1370585
248,DWS ADVANCED BUSINESS SOLUTIONS,IT Project Management Services,71760
249,DYNA IT PTY LTD,IT Services,125191
250,DYNAMIC EQUILIBRIUM PTY LTD,IT Services,50505
251,E GOERS + J K MAUNDER,"Financial, Accounting, Audit, Taxation, Risk Management, Insurance Service",37903
252,EACH,Education and Community Development Services,2603
253,EARLY CHILDHOOD AUSTRALIA,"Publishing, Printing, Promotions and Communications or Marketing Services",75124
254,EARLY CHILDHOOD AUSTRALIA - VICTORIAN BRANCH,"Professional Services (Research, Leadership and Professional Development)",1035588
255,EARLY CHILDHOOD HUB,Education Services,4680
256,EAWARDS,IT Services,5102
257,ECO HARVEST,"Utilities, Infrastructure/Sustainability, Transport and Project Management Services",5800
258,ECO LIQUID WASTE PTY LTD,"Utilities, Infrastructure/Sustainability, Transport and Project Management Services",39040
259,ECOWISE AUSTRALIA PTY LTD,"Utilities, Infrastructure/Sustainability, Transport and Project Management Services",275
260,EDASSIST,Education Services,74825
261,EDBIZ PTY LTD,Professional Services,27150
262,EDITURE TECHNOLOGY PTY LTD T/A NEW ERA,IT Project Management Services,117619
263,EDMATH CURRICULUM SERVICES PTY LTD,Education Services,2683
264,EDPARTNERSHIPS INTERNATIONAL,Education Services,1106189
265,EDU GEEKS,IT Services,4134
266,EDU21C FOUNDATION,Education Services,2479
267,EDUBLOGS,Professional Services,4000
268,EDUCATION CHANGEMAKERS PTY LTD,Education Services,157245
269,EDUCATION ENDOWMENT FOUNDATION,Education Services,346600
270,EDUCATION SERVICES AUSTRALIA LIMITED,IT Project Management Services,182162
271,ELCEED CAFE,Education Services,24773
272,ELECTROBOARD SOLUTIONS PTY LTD,IT Services,1302
273,ELGIN ECONOMICS,Professional Services,680
274,ELMO LEARNING SERVICES PTY LTD,"Professional Services (Research, Leadership and Professional Development)",189950
275,EMERALD COMMUNITY HOUSE,Education and Community Development Services,735
276,EMPIRED LTD,IT Project Management Services,120671
277,ENSKILLS LEARNING AND DEVELOPMENT,Education Services,3737
278,ENTERPRISING PARTNERSHIPS PTY LTD,Professional Services,901
279,ERICH IT SOLUTIONS PTY LTD,IT Services,6240
280,ERNST AND YOUNG,"Financial, Accounting, Audit, Taxation, Risk Management, Insurance Service",1218504
281,ERROLS PANTRY BAKEHOUSE,Education Services,45134
282,ESA CONSULTING PTY LTD,Professional Services,17694
283,ESSENTIAL MEDIA COMMUNICATIONS PTY LTD,"Publishing, Printing, Promotions and Communications or Marketing Services",8750
284,ETHICS CENTRE INCORPORATED,Education and Community Development Services,2309
285,ETSEQ IT,IT Services,209812
286,EVENTARC PTY LTD,"Publishing, Printing, Promotions and Communications or Marketing Services",551
287,EVENT-CREW AUSTRALIA PTY LTD,"Accommodation, Event, Functions and Conference",2714
288,EVERY CHILD COUNTS - NUMERACY CONSULTANTS,Training Services,5500
289,EXHIBIT GRAPHIC DESIGN,"Publishing, Printing, Promotions and Communications or Marketing Services",450
290,EXTRAORDINARY ROUTINES,"Publishing, Printing, Promotions and Communications or Marketing Services",1375
291,EXTREME NETWORKS,IT Services,22151
292,EY SWEENEY RESEARCH PTY LTD,"Professional Services (Research, Leadership and Professional Development)",4410
293,EYRES AND ASSOCIATES,"Professional Services (Research, Leadership and Professional Development)",6900
294,FAJR NETWORKS PTY LTD,IT Services,9825
295,FANDANGO CAFE,"Accommodation, Event, Functions and Conference",1582
296,FASTECH PTY LTD,IT Project Management Services,894167
297,FCM TRAVEL SOLUTIONS PTY LTD,"Accommodation, Event, Functions and Conference",1770
298,FENTON STRATEGIC COMMUNICATIONS PTY LTD,"Publishing, Printing, Promotions and Communications or Marketing Services",135183
299,FINSBURY GREEN PTY LTD,"Publishing, Printing, Promotions and Communications or Marketing Services",25107
300,FINXL PROFESSIONAL SERVICES PTY LTD,Professional Services,136936
301,FIRST POINT CONSULTING PTY LTD,"Professional Services (Research, Leadership and Professional Development)",4888
302,FIX A VAC PTY LTD,"Utilities, Infrastructure/Sustainability, Transport and Project Management Services",1585
303,FIXIT IT SOLUTIONS,IT Services,7275
304,FLANAGAN BROWN GREAVES PTY LTD,Professional Services,103320
305,FORESTWORKS LTD,Education Services,2273
306,FOURSIGHT ARCHITECTS PTY LTD,"Utilities, Infrastructure/Sustainability, Transport and Project Management Services",76520
307,FRANKLIN COVEY PTY LTD,"Professional Services (Research, Leadership and Professional Development)",33977
308,FRED AND GINGER CATERING PTY LTD,"Accommodation, Event, Functions and Conference",2019
309,FRENCH QUARTER PATISSERIE BOULONGERIE,"Accommodation, Event, Functions and Conference",19507
310,FRESHDESK INC,IT Services,2065
311,FUEL AGENCY PTY LTD,"Publishing, Printing, Promotions and Communications or Marketing Services",85500
312,FUJI XEROX BUSINESSFORCE PTY LIMITED,Professional Services,141929
313,FUJITSU AUSTRALIA LTD,IT Services,36125
314,FULCRUM CONSULTING PTY LTD,Professional Services,27180
315,FUTUREGOV AUSTRALIA PTY LIMITED,"Utilities, Infrastructure/Sustainability, Transport and Project Management Services",4800
316,GANNTECH PTY LTD,IT Services,42901
317,GAUGE PROPERTY PTY LTD,Professional Services,10000
318,GAVIN HEALY EDUCATION SERVICES,Education Services,13975
319,GEELONG REGIONAL VOCATIONAL EDUCATION COUNCIL INC,Education and Community Development Services,75953
320,GENIE EDUCATIONAL PTY LTD,Education Services,19008
321,GEOMATIC TECHNOLOGIES PTY LTD,IT Services,950
322,GEOPLEX PTY LTD,IT Services,5225
323,G-FORCE RECRUITMENT LTD,Recruitment Services,33816
324,GIBBS CONSULTANCY,Professional Services,40119
325,GILDA HOWARD CONSULTING,Education Services,22626
326,GIPPSLAND EAST LOCAL LEARNING EMPLOYMENT NETWORK,Training Services,54707
327,GLB CONSULTING PTY LTD,Professional Services,2267
328,GLOBAL COFFEE SOLUTIONS PTY LTD,"Accommodation, Event, Functions and Conference",22303
329,GLOBAL VISION MEDIA,"Publishing, Printing, Promotions and Communications or Marketing Services",82288
330,GP IT,IT Services,14051
331,GRANT THORNTON AUSTRALIA LTD,"Financial, Accounting, Audit, Taxation, Risk Management, Insurance Service",225896
332,GRATTAN INSTITUTE,Professional Services,3000
333,GREEN BEAR ENGINEERING PTY LTD,"Utilities, Infrastructure/Sustainability, Transport and Project Management Services",41558
334,GREEN COLLECT LIMITED,"Utilities, Infrastructure/Sustainability, Transport and Project Management Services",2037
335,GREENCAP - NAA PTY LTD,"Financial, Accounting, Audit, Taxation, Risk Management, Insurance Service",538790
336,GROVE AUSTRALIA PTY LTD,"Utilities, Infrastructure/Sustainability, Transport and Project Management Services",495440
337,GROWTH COACHING INTERNATIONAL,Education Services,633934
338,GUERNICA PRODUCTIONS,"Publishing, Printing, Promotions and Communications or Marketing Services",5400
339,GWS AUST PTY LTD,"Utilities, Infrastructure/Sustainability, Transport and Project Management Services",74626
340,HALL + PARTNERS OPEN MIND PTY LTD,Professional Services,56400
341,HAMILTON PASTORAL + AGRICULTURAL SOCIETY INC,Education and Community Development Services,289
342,HAMMOND STREET DEVELOPMENTS PTY LTD,IT Project Management Services,1037035
343,HANEN CENTRE,Education and Community Development Services,10926
344,HANNAN-SMITH AND ASSOCIATES PTY LTD,Professional Services,21400
345,HARRIS TECHNOLOGY PTY LTD,IT Services,277
346,HARRY THE HIRER PTY LTD,"Accommodation, Event, Functions and Conference",3317
347,HARSOP INDUSTRIES PTY LTD,"Utilities, Infrastructure/Sustainability, Transport and Project Management Services",360
348,HASKELL ARCHITECTS,"Utilities, Infrastructure/Sustainability, Transport and Project Management Services",64439
349,HAWKER BROWNLOW EDUCATION PTY LTD,"Professional Services (Research, Leadership and Professional Development)",16123
350,HAWKER BROWNLOW PROFESSIONAL LEARNING SOLUTIONS,"Professional Services (Research, Leadership and Professional Development)",150000
351,HAY GROUP PTY LTD,Professional Services,38000
352,HAYS SPECIALIST RECRUITMENT AUSTRALIA PTY LIMITED,Contract Staff (Whole-of-Government State Purchase Contract),23796334
353,HDA MEDICAL GROUP P,HR Services,350
354,HEADSPACE NATIONAL YOUTH MENTAL HEALTH FOUNDATION LTD,"Professional Services (Research, Leadership and Professional Development)",36920
355,HEARING AND SAFETY SERVICES,Education and Community Development Services,790
356,HEATHER BARNES PTY LTD,"Professional Services (Research, Leadership and Professional Development)",5200
357,HEIDELBERG GOLF CLUB,"Accommodation, Event, Functions and Conference",427
358,HEPPELL NET,Education Services,15000
359,HERRMANN INTERNATIONAL ASIA PTY LIMITED,Professional Services,6523
360,HICKS-DAVIES CONSULTING PTY LTD,Professional Services,103200
361,HIGHLANDS LOCAL LEARNING AND EMPLOYMENT NETWORK,Training Services,148637
362,HITACHI DATA SYSTEMS AUSTRALIA,IT Services,25327
363,HITCH SOLUTIONS PTY LTD,IT Services,23286
364,HLS EDUCATION CONSULTING,Education Services,30330
365,HOBAN RECRUITMENT,Contract Staff (Whole-of-Government State Purchase Contract),2075336
366,HOBSONS AUSTRALIA PTY LTD,"Publishing, Printing, Promotions and Communications or Marketing Services",205360
367,HOMAX PTY LIMITED,Professional Services,12500
368,HOOK EDUCATION LTD,Professional Services,3300
369,HORSHAM GOLF CLUB,"Accommodation, Event, Functions and Conference",1864
370,HORTON INTERNATIONAL PTY LTD,Recruitment Services,10000
371,HOTEL SOFITEL MELBOURNE,"Accommodation, Event, Functions and Conference",14092
372,HOWARD R KELLY PTY LTD,Professional Services,91153
373,HOWLETT EDUCATION CONSULTANCY,Education Services,33330
374,HUDDLE AUSTRALIA PTY LTD,Professional Services,95346
375,HUDSON GLOBAL RESOURCES (AUST) PTY LIMITED,Contract Staff (Whole-of-Government State Purchase Contract),9021652
376,HUMAN CAPITAL INTERNATIONAL PTY LTD,Recruitment Services,1500
377,HYDON CONSULTING PTY LTD,Professional Services,13100
378,I AND J MANAGEMENT SERVICES,Education Assessment Services,155737
379,IBIS MELBOURNE HOTEL AND APARTMENTS,"Accommodation, Event, Functions and Conference",461
380,ICARUS TADDOR PTY LTD,IT Services,327437
381,ICT RECRUITMENT,IT Services,3172
382,ICT TOTAL SUPPORT PTY LTD,IT Services,18887
383,IDEAL IT SERVICES PTY LTD,IT Services,38467
384,IDOL SOLUTIONS,IT Services,6893
385,IKON SOLUTIONS PTY LTD,IT Services,89183
386,ILX GROUP PTY LTD,Professional Services,2053
387,IMAGEPLAY PTY LTD,"Publishing, Printing, Promotions and Communications or Marketing Services",6890
388,IMMEDIACY PTY LTD,"Accommodation, Event, Functions and Conference",95987
389,IMPRO MELBOURNE INC,Education Services,3630
390,INDEC CONSULTING,Professional Services,1450111
391,INEVITABLE TECH PTY LTD,IT Services,11984
392,INFORM COMMUNICATE MOTIVATE INTERNATIONAL (AUSTRALIA) PTY LTD,Education and Community Development Services,2750
393,INFORMATION ACCESS GROUP,Professional Services,1700
394,INFORMATION MANAGEMENT GROUP PTY LTD,Professional Services,991
395,INFOTECH SYSTEMS & SERVICES PTY LTD,IT Services,10518
396,INJURYNET AUSTRALIA PTY LTD,Professional Services,116765
397,INNER MELBOURNE VET CLUSTER INC,"Professional Services (Research, Leadership and Professional Development)",310726
398,INNOVATION + BUSINESS INDUSTRY SKILLS COUNCIL LTD,Education and Community Development Services,5827
399,INNOVATION IN TECHNOLOGY,IT Services,31777
400,INPUT OUTPUT PTY LTD,IT Services,32103
401,INSCAPEIT,IT Services,196652
402,INSIGHT SRC PTY LTD,"Professional Services (Research, Leadership and Professional Development)",298473
403,INSIGHT SYSTEMS GROUP PTY LTD,"Publishing, Printing, Promotions and Communications or Marketing Services",5640
404,INSTITUTE OF PUBLIC ADMINISTRATION AUSTRALIA (VICTORIAN DIVISION) INC,"Professional Services (Research, Leadership and Professional Development)",3134
405,INTEGRITY MATTERS PTY LTD,Professional Services,8575
406,INTERNATIONAL ASSOCIATION FOR PUBLIC PARTICIPATION AUSTRALASIA LIMITED,"Professional Services (Research, Leadership and Professional Development)",11600
407,INTERNATIONAL EDUCATION ASSOCIATION SHANGHAI,Professional Services,66599
408,INTERNATIONAL STUDENT CARE CONSULTANCY GROUP PTY LTD,Professional Services,2400
409,INTERPRIT PTY LTD,IT Services,2250
410,INTESO PTY LTD,IT Project Management Services,98838
411,ION GROUP PTY LTD,Professional Services,1500
412,IOOKA IT,IT Services,14076
413,IPAR REHABILITATION PTY LTD,Education and Community Development Services,5579
414,IRREGULAR NETWORKS PTY LTD,IT Services,24850
415,ISENTIA PTY LIMITED,"Publishing, Printing, Promotions and Communications or Marketing Services",10000
416,IT AUSTRALIA CONSULTANTS PTY LTD,IT Services,14051
417,IT HAPPENS NETWORK SERVICES PTY LTD,IT Services,37199
418,IT TODAY,IT Services,66770
419,IT4ANYONE PTY LTD,IT Services,14356
420,ITHACA GROUP,"Professional Services (Research, Leadership and Professional Development)",44059
421,JA AND SE CLOHESY PTY LTD,"Utilities, Infrastructure/Sustainability, Transport and Project Management Services",250
422,JACOBS GROUP (AUSTRALIA) PTY LTD,"Utilities, Infrastructure/Sustainability, Transport and Project Management Services",5065
423,JAGUAR CONSULTING SERVICES PTY LTD,IT Project Management Services,446500
424,JASCO CONSULTING PTY LTD,"Publishing, Printing, Promotions and Communications or Marketing Services",34185
425,JB HI FI,IT Services,13245
426,JB HI-FI EDUCATION SOLUTIONS PTY LTD T/A NETWORK NEIGHBORHOOD PTY LTD,IT Services,1672900
427,JDS AUSTRALIA PTY LTD,IT Project Management Services,90045
428,JEANIEBOY PTY LTD,Education and Community Development Services,340000
429,JEFF WHALAN LEARNING GROUP,"Professional Services (Research, Leadership and Professional Development)",18750
430,JESSUP EZARD CONSULTING,Education and Community Development Services,65100
431,JIANGSU EDUCATION INTERNATIONAL TRAVEL SERVICE,Professional Services,7094
432,JIANGSU EDUCATIONAL INTERNATIONAL CONSULTING LTD,Professional Services,222319
433,JJ INFORMATION SYSTEMS PL,IT Services,54610
434,JO FISHER EXECUTIVE PTY LTD,Recruitment Services,300668
435,JOHN L MULLEN+PARTNERS PTY LTD,Professional Services,1800
436,JOHN MCCARTHY CONSULTING,Professional Services,1200
437,JOHNS LYNG MAKESAFE EMERGENCY BUILDERS VICTORIA,"Utilities, Infrastructure/Sustainability, Transport and Project Management Services",575050
438,JON'S TECHNOLOGY SOLUTIONS,IT Services,6379
439,JT TECH,IT Services,9418
440,JULIE BAKER-SMITH AND ASSOCIATES PTY LTD,Professional Services,16459
441,JUSTITIA PTY LTD,Professional Services,136778
442,K+L GATES,Professional Services,40519
443,KALIAM PTY LTD,IT Services,143267
444,KALLURI IT,IT Services,12941
445,KANGAROO FLAT COACH LINES,"Utilities, Infrastructure/Sustainability, Transport and Project Management Services",875
446,KARSTENS HOLDINGS PTY LTD,Professional Services,6218
447,KATSIERIS ORIGAMI,"Utilities, Infrastructure/Sustainability, Transport and Project Management Services",39600
448,KIHI CONSULTANCIES,"Professional Services (Research, Leadership and Professional Development)",39680
449,KILDAIR HOTELS PTY LIMITED T/A MERCURE HOTEL GEELONG,"Accommodation, Event, Functions and Conference",832
450,KINTEC SERVICES PTY LTD,Professional Services,660
451,KJ TEXTILES PTY LTD,"Publishing, Printing, Promotions and Communications or Marketing Services",22952
452,KLOUD SOLUTIONS PTY LTD,IT Project Management Services,64628
453,KMETRICS,Professional Services,13636
454,KONICA MINOLTA BUSINESS SOLUTIONS AUSTRALIA P/L,IT Services,22360
455,KPMG AUSTRALIA,"Professional Services (Research, Leadership and Professional Development)",2043186
456,KRUSE ELECTRICAL AND ALARMS,"Utilities, Infrastructure/Sustainability, Transport and Project Management Services",8093
457,KWIK KOPY PRINTING (242 EXHIBITION ST),"Publishing, Printing, Promotions and Communications or Marketing Services",865
458,KWIK KOPY PRINTING CENTRE NORTH MELBOURNE,"Publishing, Printing, Promotions and Communications or Marketing Services",100
459,LA TROBE UNIVERSITY,"Professional Services (Research, Leadership and Professional Development)",12893
460,LADY GOWRIE CHILD CENTRE MELB INC,Early Childhood Services,19675
461,LANDELL CORPORATION PTY LTD,"Strategic Services and Advice for Audit, Fraud and Procurement",82633
462,LANEWAY CONSULTING,Professional Services,3020
463,LARTER CONSULTING PTY LTD,Professional Services,9091
464,LEADING CLEANING AND MAINTENANCE PTY LTD,"Utilities, Infrastructure/Sustainability, Transport and Project Management Services",345
465,LEADING LAYERED LEARNING,Education Services,7282
466,LEARNING ARCHITECTS LIMITED,Education Services,6000
467,LEARNING FIRST GROUP PTY LTD,Education Services,248500
468,LES OROURKE DIGITAL IMAGING,"Publishing, Printing, Promotions and Communications or Marketing Services",1175
469,LEUNIG STUDIO,"Publishing, Printing, Promotions and Communications or Marketing Services",200
470,LIFE AND BUSINESS LEADERSHIP INSTITUTE PTY LTD,"Professional Services (Research, Leadership and Professional Development)",46752
471,LIFE SAVING VICTORIA,Education and Community Development Services,2100
472,LINK EMPLOYMENT AND TRAINING INC,Education and Community Development Services,92750
473,LINKIT (ADVANCED ASSESSMENT SYSTEMS),Education Assessment Services,438094
474,LIQUID LEARNING GROUP PTY LTD,Professional Services,200
475,LODDON MALLEE PRESCHOOL ASSOCIATION INC,Early Childhood Services,15000
476,LOFT ON LANGRIDGE,"Accommodation, Event, Functions and Conference",21000
477,LOGICAL SERVICES PTY LTD,"Utilities, Infrastructure/Sustainability, Transport and Project Management Services",9510
478,LONDON SPEAKER BUREAU,"Publishing, Printing, Promotions and Communications or Marketing Services",2777
479,LONEY GREGORY ROSS,Professional Services,17550
480,LORENZINI GROUP PTY LTD,"Utilities, Infrastructure/Sustainability, Transport and Project Management Services",1600
481,LOUISE HILL AND ASSOCIATES PTY LTD,Education Services,818
482,LOUKES ELECTRONICS,IT Services,47768
483,LYNELLE HOPKINS CONSULTING PTY LTD,Education Services,16250
484,M + P PARTNERS PTY LTD,Professional Services,26010
485,M MILLAR CONSULTING PTY LTD,Professional Services,21561
486,MACUTEX PTY LTD,"Utilities, Infrastructure/Sustainability, Transport and Project Management Services",1100
487,MADDOCKS,Professional Services,57750
488,MADEC AUSTRALIA,Professional Services,818
489,MADISON CROSS AUSTRALIA PTY LTD,IT Project Management Services,139680
490,MAGNETIZED MARKETS PTY LTD,IT Project Management Services,26990
491,MAKER MEDIA INC,"Publishing, Printing, Promotions and Communications or Marketing Services",776
492,MALDEW HOLDINGS PTY LTD,"Utilities, Infrastructure/Sustainability, Transport and Project Management Services",1148
493,MALLEE TRACK HEALTH AND COMMUNITY SERVICE,Education and Community Development Services,15000
494,MARBEANGROOK CONSULTING,Professional Services,1000
495,MARJORIE MILNER COLLEGE,Education Services,5760
496,MARKETSIGHT LLC,IT Services,4741
497,MARSH PTY LTD,"Financial, Accounting, Audit, Taxation, Risk Management, Insurance Service",1683034
498,MARUTI SOLUTIONS PTY LTD,IT Services,672
499,MATHEMATICAL ASSOCIATION VIC,"Professional Services (Research, Leadership and Professional Development)",29335
500,MAX PHOTOGRAPHY PTY LTD,"Publishing, Printing, Promotions and Communications or Marketing Services",4502
501,MAYFAIR GROUP MANAGEMENT PTY LTD,"Professional Services (Research, Leadership and Professional Development)",8200
502,MAZUMA MOBILE PTY LTD,IT Services,1500
503,MCDULING YOUNG PTY LTD,"Utilities, Infrastructure/Sustainability, Transport and Project Management Services",500
504,MCORP CONSULTING PTY LTD,"Utilities, Infrastructure/Sustainability, Transport and Project Management Services",3420
505,MEDIALINK PRODUCTIONS,Professional Services,67963
506,MEDITATION CAPSULES,HR Services,300
507,MELBOURNE HEADSHOT COMPANY PTY LTD,"Publishing, Printing, Promotions and Communications or Marketing Services",477
508,MELBOURNE STUDIO PTY LTD,"Publishing, Printing, Promotions and Communications or Marketing Services",18000
509,MELTON SOUTH COMMUNITY CENTRE INC,Education and Community Development Services,72
510,MENDLESON COMMUNICATION PTY LTD,"Publishing, Printing, Promotions and Communications or Marketing Services",10073
511,MERCURE NORTH MELBOURNE,"Accommodation, Event, Functions and Conference",6959
512,METRO TRADE SERVICES,"Utilities, Infrastructure/Sustainability, Transport and Project Management Services",48355
513,MFL CAREERS,"Professional Services (Research, Leadership and Professional Development)",5520
514,MICHAEL FRANCIS EDUCATIONAL,Education Services,3750
515,MICHAEL FULLAN ENTERPRISES INC,Professional Services,2000
516,MICHAEL PAGE INTERNATIONAL (AUSTRALIA) PTY LIMITED,Recruitment Services,6000
517,MICROCEL PTY LTD,IT Services,25047
518,MICROHIRE (VIC/SEQ) PTY LTD,"Publishing, Printing, Promotions and Communications or Marketing Services",22727
519,MICROSOFT PTY LIMITED,IT Project Management Services,41897
520,MID-CONTINENT RESEARCH FOR EDUCATION AND LEARNING,"Professional Services (Research, Leadership and Professional Development)",52199
521,MIKES MOBILE CYCLE SERVICES,IT Services,975
522,MILDURA GOLF CLUB INCORPORATED,"Accommodation, Event, Functions and Conference",1274
523,MILDURA RURAL CITY COUNCIL,Education and Community Development Services,1282
524,MILLS OAKLEY LAWYERS,Professional Services,1030
525,MINTER ELLISON,Professional Services,99843
526,MITCHELL DAVID,Professional Services,2500
527,MONASH UNIVERSITY,"Professional Services (Research, Leadership and Professional Development)",642629
528,MORELAND GROUP,IT Project Management Services,7280
529,MORWILL SERVICES PTY LTD,Professional Services,2296
530,MOTT MACDONALD AUSTRALIA PTY LIMITED,Education Services,1748752
531,MUNICIPAL ASSOCIATION OF VICTORIA,"Professional Services (Research, Leadership and Professional Development)",8000
532,MURDOCH CHILDRENS RESEARCH INSTITUTE,Early Childhood Services,399218
533,MURRAY MALLEE LOCAL LEARNING AND EMPLOYMENT NETWORK INC,Training Services,47660
534,MUSICAL FUTURES AUSTRALIA PTY LTD,Education Services,150000
535,MY EMERGENCY MANAGEMENT PTY LTD,"Utilities, Infrastructure/Sustainability, Transport and Project Management Services",4830
536,MY TECH HELPER PTY LTD (SDM PROVIDER),IT Services,27189
537,MYERS EVELYN BARBARA,"Professional Services (Research, Leadership and Professional Development)",1750
538,MYIT SOLUTIONS PTY LTD,IT Services,35865
539,NAKAMA MELBOURNE PTY LTD,Recruitment Services,1674
540,NATIONAL CURRICULUM SERVICES,Curriculum Development Services,338689
541,NATIONAL FIRST AID,Education Services,433
542,NCS PEARSON PTY LTD,Education Services,185181
543,NDC INFOTECH PTY LTD,IT Services,32847
544,NEC AUSTRALIA PTY LTD,IT Services,27624
545,NECA EDUCATION AND CAREERS LTD,Education Services,5398
546,NETWORK DOCTOR,IT Services,14178
547,NETWORK PERFORMANCE PTY LTD,IT Services,30167
548,NEW PEDAGOGIES FOR DEEP LEARNING,Education Services,238699
549,NEWTOUCH,IT Services,4923
550,NEXTGEN LEARNING PTY LIMITED,Education Services,9864
551,NGS GLOBAL PTY LTD,"Publishing, Printing, Promotions and Communications or Marketing Services",97889
552,NIBBLE CO AUST PTY LTD,"Accommodation, Event, Functions and Conference",7413
553,NO FUSS ADMIN,Professional Services,190
554,NOAHS ARK INC,"Professional Services (Research, Leadership and Professional Development)",2500
555,NORTH CENTRAL LOCAL LEARNING AND EMPLOYMENT NETWORK INC,Training Services,45977
556,NORTH CONSULTING SERVICES PTY LTD,Professional Services,14725
557,NORTH PROJECTS PTY LTD,"Utilities, Infrastructure/Sustainability, Transport and Project Management Services",56625
558,NORTHERN MALLEE LOCAL LEARNING AND EMPLOYMENT NETWORK,Training Services,51890
559,NOTOSH LIMITED,Professional Services,18800
560,NOUS GROUP PTY LTD,Education Services,982171
561,NTEGRITY PTY LIMITED,"Publishing, Printing, Promotions and Communications or Marketing Services",17150
562,NUTTSHELL GRAPHICS,Professional Services,27683
563,OAKTON SERVICES PTY LTD,IT Project Management Services,336720
564,OBJECT CONSULTING PTY LIMITED,IT Services,35200
565,OBS PTY LTD,IT Project Management Services,789272
566,OLIKKA PTY LTD,IT Project Management Services,6931
567,OOM CREATIVE,IT Services,27200
568,OPEN WINDOWS AUSTRALIA PTY LTD,IT Services,220000
569,OPTIM LEADERSHIP CONSULTING PTY LTD,"Professional Services (Research, Leadership and Professional Development)",62364
570,OPTUM HEALTH + TECHNOLOGY (AUSTRALIA) PTY LTD,Professional Services,519211
571,ORFF SCHULWERK ASSOCIATION OF VICTORIA,Education Services,114
572,ORGANISATIONAL DIRECTIONS,"Professional Services (Research, Leadership and Professional Development)",80425
573,ORGANON CONSULTING PTY LTD,IT Services,17310
574,OSD PTY LTD,"Utilities, Infrastructure/Sustainability, Transport and Project Management Services",2406
575,OTHER 157 INDIVIDUALS,Various,1992836
576,OUR COMMUNITY PTY LTD,"Accommodation, Event, Functions and Conference",22727
577,OUTBACK KIDS CHILD CARE CENTRE,Early Childhood Services,15000
578,OUTER EASTERN LOCAL LEARNING AND EMPLOYMENT NETWORK INC,Training Services,101051
579,OUTPOST CONSULTING,Professional Services,13000
580,OXANDA CHILD CARE PTY LTD,Early Childhood Services,5275
581,OZCOM IT SERVICES,IT Services,18343
582,P H WILLIAMS CONSULTING PTY LTD,IT Services,70305
583,PAPER MOUSE STUDIO,"Publishing, Printing, Promotions and Communications or Marketing Services",5114
584,PARIS INFORMATION TECHNOLOGY,IT Services,53444
585,PARISFIRST PARTNERS PTY LTD,IT Services,68139
586,PARKIN CORPORATE PTY LTD,Professional Services,247825
587,PATERSON + PATERSON CONSULTING PTY LTD,"Professional Services (Research, Leadership and Professional Development)",2500
588,PATRICK STUDIOS AUSTRALIA PTY LTD,"Publishing, Printing, Promotions and Communications or Marketing Services",9250
589,PD TURNER CONSULTING PTY LTD,Professional Services,5125
590,PEER ACADEMY PTY LTD,Education Services,14095
591,PEOPLEBANK AUSTRALIA LIMITED,IT Services,132262
592,PERCEVAL PTY LTD,Professional Services,2200
593,PERFORMANCE DEVELOPMENT PTY LTD,"Professional Services (Research, Leadership and Professional Development)",4009
594,PERIDOT EDUCATION PTY LTD,Education Services,2282
595,PETER COLLINS+ASSOCIATES PTY LTD,Professional Services,2500
596,PHILLIP ISLAND NATURE PARK BOARD OF MANAGEMENT INC,"Accommodation, Event, Functions and Conference",540
597,PHILLIPS KPA PTY LTD,"Strategic Services and Advice for Audit, Fraud and Procurement",172133
598,PHOTO DATA CARD PTY LTD,"Publishing, Printing, Promotions and Communications or Marketing Services",5985
599,PHR CONSULTING (VIC) PTY LTD,Professional Services,8500
600,PICTA CREATIVE PTY LTD,"Publishing, Printing, Promotions and Communications or Marketing Services",46590
601,PINNACLE GROUP AUSTRALIA PTY LTD,"Professional Services (Research, Leadership and Professional Development)",1183518
602,PIRAC ECONOMICS,Professional Services,26000
603,PITCHER PARTNERS CONSULTING PTY LTD,"Strategic Services and Advice for Audit, Fraud and Procurement",96845
604,PIXEL PERFECT PTY LTD,Professional Services,220898
605,PJ GANNON EDUCATIONAL SERVICES,Professional Services,22942
606,PL PROFILES PTY LTD,Professional Services,2500
607,PLANETAUS TOURISM,IT Services,24635
608,PLANIT TEST MANAGEMENT SOLUTIONS PTY LTD,IT Project Management Services,279635
609,PLATO ELEARNING,IT Services,23112
610,POINT OF VIEW DESIGN PTY LTD,IT Services,8000
611,POMP PTY LTD,"Utilities, Infrastructure/Sustainability, Transport and Project Management Services",84418
612,PORTAL RECRUITING PTY LTD,IT Services,55002
613,PORTLAND GROUP PTY LTD,"Strategic Services and Advice for Audit, Fraud and Procurement",41000
614,POT N PLANT PROPRIETARY LIMITED,"Utilities, Infrastructure/Sustainability, Transport and Project Management Services",476
615,POWER AUTOMATION+NETWORKING PTY LTD,IT Services,13903
616,PPB ADVISORY,"Financial, Accounting, Audit, Taxation, Risk Management, Insurance Service",65413
617,PRACTICAL ECOLOGY PTY LTD,"Utilities, Infrastructure/Sustainability, Transport and Project Management Services",4875
618,PRACTICAL LEADERSHIP PTY LTD,"Professional Services (Research, Leadership and Professional Development)",96432
619,PRECISION CONSULTANCY PTY LTD,Professional Services,19800
620,PRESTON DIXON PTY LTD,Professional Services,14000
621,PRICEWATERHOUSE COOPERS,"Professional Services (Research, Leadership and Professional Development)",557700
622,PRIMARY ENGLISH TEACHING ASSOCIATION,"Professional Services (Research, Leadership and Professional Development)",645
623,PRINCESS THEATRE PTY LTD,"Publishing, Printing, Promotions and Communications or Marketing Services",8423
624,PROFESSIONAL LOCKSMITHS,"Utilities, Infrastructure/Sustainability, Transport and Project Management Services",618
625,PROFESSIONAL MENTORING AND COACHING SERVICES,Education and Community Development Services,2182
626,PROFESSOR DAVID HOPKINS + ASSOCIATES LTD,Professional Services,4000
627,PROGRAMMED FACILITY MANAGEMENT,"Utilities, Infrastructure/Sustainability, Transport and Project Management Services",92475
628,PROTIVITI PTY LIMITED,"Financial, Accounting, Audit, Taxation, Risk Management, Insurance Service",457187
629,PROTOGEN TECHNOLOGIES PTY LTD,IT Project Management Services,12000
630,PS + MG ENTERPRISE PTY LTD,Professional Services,1215
631,PSW PTY LTD,Professional Services,4101
632,PTR CONSULTING,"Professional Services (Research, Leadership and Professional Development)",277527
633,PULLMAN MELBOURNE ALBERT PARK,"Accommodation, Event, Functions and Conference",1251
634,PUNCH RENEE JUNE,"Professional Services (Research, Leadership and Professional Development)",33950
635,QUALITY HOTEL WANGARATTA GATEWAY,"Accommodation, Event, Functions and Conference",143
636,QUALITY INN LATROBE CONVENTION CENTRE,"Accommodation, Event, Functions and Conference",1157
637,QUEST COACHES,"Utilities, Infrastructure/Sustainability, Transport and Project Management Services",1136
638,QUINNTESSENTIAL MARKETING CONSULTING PTY LTD,"Publishing, Printing, Promotions and Communications or Marketing Services",61500
639,RA KENDT+ASSOCIATES,"Financial, Accounting, Audit, Taxation, Risk Management, Insurance Service",23838
640,RACK AND FILE (COMMERCIAL) PTY LTD,"Utilities, Infrastructure/Sustainability, Transport and Project Management Services",2150
641,RACV (ROYAL AUTOMOBILE CLUB OF VICTORIA),"Accommodation, Event, Functions and Conference",10364
642,RANDSTAD PTY LIMITED,Contract Staff (Whole-of-Government State Purchase Contract),4267598
643,RCR ODONNELL GRIFFIN PTY LTD,"Utilities, Infrastructure/Sustainability, Transport and Project Management Services",16291
644,READIFY PTY LTD,IT Project Management Services,552902
645,REAL BUSINESS PTY LTD,Professional Services,1870
646,REALVIEW TECHNOLOGIES PTY LTD,IT Services,1189
647,RECALL INFORMATION MANAGEMENT PTY LTD,"Utilities, Infrastructure/Sustainability, Transport and Project Management Services",1151
648,RED HOT BLUE GRAPHIC DESIGN PTY LTD,"Publishing, Printing, Promotions and Communications or Marketing Services",524
649,RED ROCK CONSULTING,IT Services,38375
650,REED GRADUATION SERVICES PTY LTD,Professional Services,2473
651,REGENT PERSONNEL PTY LTD,Contract Staff (Whole-of-Government State Purchase Contract),238457
652,REGINA HILL EFFECTIVE CONSULTING PTY LTD,Professional Services,9600
653,RESILIENCE INSTITUTE AUSTRALIA PTY LTD,Professional Services,4700
654,RESOLUTION MEDIA PTY LTD,"Publishing, Printing, Promotions and Communications or Marketing Services",7280
655,RESOLVE SOFTWARE GROUP PTY LTD,IT Services,61294
656,RESONATE CONSULTANTS PTY LTD,Professional Services,640
657,REVOLUTION IT PTY LTD,IT Project Management Services,51000
658,RI ALEMBAKIS COMMUNICATION SERVICES,"Publishing, Printing, Promotions and Communications or Marketing Services",1688
659,RIGHT MANAGEMENT CONSULTANTS PTY LTD,HR Services,15033
660,RIPPLE EFFECT GROUP ASIA PACIFIC PTY LTD,Professional Services,10055
661,RISQ GROUP PTY LTD,HR Services,12500
662,RMIT UNIVERSITY,"Professional Services (Research, Leadership and Professional Development)",62869
663,ROCHDALE INTERIORS PTY LTD,"Utilities, Infrastructure/Sustainability, Transport and Project Management Services",400
664,ROCK LILY DESIGN AND CONSULTING,"Publishing, Printing, Promotions and Communications or Marketing Services",480
665,ROSS HUMAN DIRECTIONS LIMITED,Contract Staff (Whole-of-Government State Purchase Contract),2660715
666,ROYAL CHILDRENS HOSPITAL,"Professional Services (Research, Leadership and Professional Development)",56440
667,ROYAL INSTITUTE FOR DEAF AND BLIND CHILDREN,Education and Community Development Services,9374
668,RPS MANIDIS ROBERTS PTY LTD,"Utilities, Infrastructure/Sustainability, Transport and Project Management Services",56358
669,RSM BIRD CAMERON PARTNERS,"Financial, Accounting, Audit, Taxation, Risk Management, Insurance Service",5978
670,RUBIX CONSULTING PTY LTD,IT Project Management Services,237799
671,RUNTIME CONSULTING PTY LTD,IT Services,8787
672,RUTLEDGE ENGINEERING (AUST) PTY LTD,IT Services,18000
673,RYDGES EXHIBITION STREET (MELBOURNE),"Accommodation, Event, Functions and Conference",118171
674,RYDGES ON SWANSTON,"Accommodation, Event, Functions and Conference",97878
675,SACON GROUP PTY LTD,IT Project Management Services,70150
676,SAI GLOBAL PROPERTY DIVISION PTY LTD,"Utilities, Infrastructure/Sustainability, Transport and Project Management Services",980
677,SALLY GAVEN CONSULTING PTY LTD,Professional Services,33000
678,SALT GROUP PTY LTD,IT Services,26634
679,SALTER HILL GROUP PTY LTD,"Professional Services (Research, Leadership and Professional Development)",20350
680,SALUMINISTI,"Accommodation, Event, Functions and Conference",8846
681,SANDRIDGE ROADS PTY LTD,"Utilities, Infrastructure/Sustainability, Transport and Project Management Services",483924
682,SANTO AND WILLIAMS PTY LTD,Professional Services,2730
683,SARAH THE FIRTH CREATIVE SERVICES,"Publishing, Printing, Promotions and Communications or Marketing Services",3960
684,SAXTON SPEAKERS BUREAU PTY LTD,"Professional Services (Research, Leadership and Professional Development)",45000
685,SCHIAVELLO SYSTEMS (VIC) PTY LTD,"Utilities, Infrastructure/Sustainability, Transport and Project Management Services",3251
686,SCHOOL GOVERNANCE AUSTRALIA PTY LTD,Professional Services,10000
687,SCHOOL RESEARCH EVALUATION AND MEASUREMENT SERVICES,"Professional Services (Research, Leadership and Professional Development)",83562
688,SCHOONDERBEEK PARSONS TRUST,Professional Services,19000
689,SCOPE (AUST) LTD,Education and Community Development Services,2500
690,SCRUFFY BEAR,IT Services,13486
691,SEAMER DESIGN,"Publishing, Printing, Promotions and Communications or Marketing Services",126849
692,SEMANN SLATTERY AND ASSOCIATES PTY LTD,Education Services,460393
693,SEMAPHORE IT PTY LTD,IT Services,231458
694,SENATE SHJ,"Strategic Services and Advice for Audit, Fraud and Procurement",294701
695,SENTIENCE CONSULTING,HR Services,61115
696,SENTRIC PTY LTD,IT Services,13474
697,SERVICE LINE MANAGEMENT PTY LTD,Professional Services,3200
698,SEXTON CONSULTING,IT Services,1659
699,SGS ECONOMICS AND PLANNING,Professional Services,4268
700,SHEA BUSINESS CONSULTING,Education and Community Development Services,118696
701,SHENTON COLLEGE DEAF EDUCATION CENTRE,Education and Community Development Services,1818
702,SHERATON MELBOURNE HOTEL,"Accommodation, Event, Functions and Conference",1872
703,SHINEWING AUSTRALIA PTY LTD,"Financial, Accounting, Audit, Taxation, Risk Management, Insurance Service",95780
704,SHOWTECH AUSTRALIA PTY LTD,Professional Services,2082
705,SIGNARAMA FRANKSTON DEXX PTY LTD,"Utilities, Infrastructure/Sustainability, Transport and Project Management Services",650
706,SILENT PARTNERS LEARNING SERVICES,Education Services,356194
707,SIMPLY WRITTEN PTY LTD,"Publishing, Printing, Promotions and Communications or Marketing Services",19425
708,SIP MANAGEMENT CONSULTANTS (VIC) PTY LTD,Professional Services,24951
709,SIT OR STAND,Professional Services,19876
710,SKILLSPLUS LTD,HR Services,78842
711,SKLIROS CONSULTING PTY LTD,Professional Services,78300
712,SLADE GROUP ATF SLADE GROUP UNIT TRUST,Recruitment Services,29750
713,SMART APPS PTY LTD,Professional Services,14400
714,SMART LOGIC MAPPING,Professional Services,16975
715,SMILING MIND,HR Services,3500
716,SOCIAL EDUCATION VICTORIA INC,Education Services,21786
717,SOCIAL RESEARCH CENTRE PTY LTD,"Publishing, Printing, Promotions and Communications or Marketing Services",594738
718,SOCIETY OF AUTOMOTIVE ENGINEERS AUSTRALASIA,Education and Community Development Services,29250
719,SOLUTIONONE PTY LTD,IT Services,191729
720,SONET SYSTEMS PTY LTD,Professional Services,21323
721,SOULBOOK PTY LTD,IT Services,248219
722,SOUTH EAST LOCAL LEARNING AND EMPLOYMENT NETWORK,Training Services,101990
723,SOUTH GIPPSLAND BASS COAST LOCAL LEARNING AND EMPLOYMENT NETWORK,Training Services,54815
724,SOUTH VALLEY SECRETARIAL,Professional Services,509
725,SOUTH WEST LOCAL LEARNING AND EMPLOYMENT NETWORK INC,Training Services,104428
726,SOUTHERN CROSS COMPUTER SYSTEMS,IT Project Management Services,3465
727,SOVEREIGN FIRE PROTECTION,"Utilities, Infrastructure/Sustainability, Transport and Project Management Services",165
728,SOVEREIGN PARK MOTOR INN (BALLARAT),"Accommodation, Event, Functions and Conference",6496
729,SPACES PTY LTD,"Utilities, Infrastructure/Sustainability, Transport and Project Management Services",35344
730,SPATIAL VISION INNOVATIONS PTY LTD,Curriculum Development Services,550
731,SPEECH EASE SPEECH PATHOLOGY,Education Services,1451
732,SPEECH PATHOLOGY AUSTRALIA,Education and Community Development Services,1000
733,SPRINGVALE SERVICE FOR CHILDREN,Early Childhood Services,4320
734,ST JOHN AMBULANCE AUSTRALIA VICTORIA INC,"Professional Services (Research, Leadership and Professional Development)",186607
735,STAGING CONNECTIONS PTY LIMITED,"Publishing, Printing, Promotions and Communications or Marketing Services",4117
736,STAMFORD PLAZA MELBOURNE,"Accommodation, Event, Functions and Conference",71252
737,STANNARDS,"Strategic Services and Advice for Audit, Fraud and Procurement",146287
738,STENNING + ASSOCIATES PTY LTD,Professional Services,33867
739,STREAMLINE MEDIA AND COMMUNICATIONS GROUP PTY LTD,Professional Services,118800
740,STRINI BUILDING SOLUTIONS PTY LTD,"Utilities, Infrastructure/Sustainability, Transport and Project Management Services",9320
741,STRONGER SMARTER INSTITUTE LIMITED,Education Services,55000
742,STUART BECKLEY & ASSOCIATES PTY LTD,IT Services,34700
743,SUCCESS MEASURES,Recruitment Services,65555
744,SUNBURY COMMUNITY HEALTH CENTRE,Education and Community Development Services,767
745,SUPPORTING SUCCESS FOR CHILDREN WITH HEARING LOSS,Education and Community Development Services,11380
746,SWEETHEARTS FOUNDATION INC,Education Services,3000
747,SWINBURNE UNIVERSITY OF TECHNOLOGY,Education Services,106020
748,SYNERGISTIQ PTY LTD,"Professional Services (Research, Leadership and Professional Development)",440208
749,SYRIS CONSULTING PTY LTD,"Financial, Accounting, Audit, Taxation, Risk Management, Insurance Service",130124
750,T SAM + DA SANDFORD + HM SANDFORD,Professional Services,225
751,TAIT CONSULTANICES,IT Services,26773
752,TALENT INTERNATIONAL (VIC) PTY LTD,Contract Staff (Whole-of-Government State Purchase Contract),4142
753,TALENT2 PTY LTD,Recruitment Services,13181
754,TANJIL MOTOR INN,"Accommodation, Event, Functions and Conference",393
755,TECHNICATION SERVICES,IT Services,5285
756,TECH-SAVVY SOLUTIONS,"Professional Services (Research, Leadership and Professional Development)",110605
757,TEKNIK CONSULTING PTY LTD,IT Services,98229
758,TELSTRA CORPORATION LTD (6663),IT Services,4073
759,TF CHOICES LTD,HR Services,59160
760,TGM WIRED,"Utilities, Infrastructure/Sustainability, Transport and Project Management Services",4139
761,THEME SOLUTIONS,IT Services,18182
762,THINK PRODUCTIONS,"Publishing, Printing, Promotions and Communications or Marketing Services",11105
763,THINK PSYCHOLOGISTS,Professional Services,1880
764,THOMAS DURYEA CONSULTING PTY LTD,IT Services,16980
765,THOMSON REUTERS PROFESSIONAL AUSTRALIA LIMITED,"Publishing, Printing, Promotions and Communications or Marketing Services",54705
766,THOUGHTSPAN,Education Services,655
767,THREAT INTELLIGENCE PTY LTD,IT Services,151250
768,THREES A CROWD DESIGN PTY LTD,"Publishing, Printing, Promotions and Communications or Marketing Services",123201
769,TIMETABLING SOLUTIONS PTY LTD,Professional Services,6200
770,TIP TOP BLINDS (VICTORIA) PTY LTD,"Utilities, Infrastructure/Sustainability, Transport and Project Management Services",10405
771,TJB SERVICES PTY LTD,IT Services,93148
772,TJC EDUCATIONAL CONSULTANCY,Education and Community Development Services,12580
773,TO MAKE IT WORK PTY LTD,IT Services,3279
774,TOAST KITCHEN CAFE,"Accommodation, Event, Functions and Conference",7595
775,TOLL FAST,"Utilities, Infrastructure/Sustainability, Transport and Project Management Services",125
776,TORRESRESEARCH + WRITING,Professional Services,6000
777,TOTAL IT SUPPORT,IT Services,8324
778,TRADEWIND AUSTRALIA PTY LTD,Recruitment Services,3400
779,TRAN-C,"Publishing, Printing, Promotions and Communications or Marketing Services",6500
780,TREANE TECHNOLOGIES PTY LTD,IT Services,15675
781,TREND CRAFT BUILDING SERVICES,"Utilities, Infrastructure/Sustainability, Transport and Project Management Services",371499
782,TRIGON CONSULTANTS PTY LTD,IT Services,15207
783,TRIPLE J IT SERVICES PTY LTD,IT Services,22731
784,TRUE TO LIFE WATER,"Utilities, Infrastructure/Sustainability, Transport and Project Management Services",6385
785,TRULINK PTY LTD,IT Services,13924
786,TRUTH AGENCY,"Publishing, Printing, Promotions and Communications or Marketing Services",49150
787,TWENTY + SIX ESPRESSO,"Accommodation, Event, Functions and Conference",26264
788,UMAI PTY LTD,Professional Services,38760
789,UNDERGROUND PUMP SUPPLIES PTY LTD,"Utilities, Infrastructure/Sustainability, Transport and Project Management Services",17228
790,UNIFIED AUDIO VISUAL SOLUTIONS,"Publishing, Printing, Promotions and Communications or Marketing Services",44718
791,UNIVERSITY OF MELBOURNE,"Professional Services (Research, Leadership and Professional Development)",2700056
792,UNIVERSITY OF SOUTH AUSTRALIA,Professional Services,20000
793,UNSTUCK LEARNING DESIGN PTY LTD,"Publishing, Printing, Promotions and Communications or Marketing Services",5000
794,UOM COMMERCIAL LTD,"Professional Services (Research, Leadership and Professional Development)",986611
795,URBIS PTY LTD,Professional Services,2136
796,UXC PROFESSIONAL SOLUTIONS PTY LTD,IT Project Management Services,450294
797,VALAD SOLUTIONS PTY LTD,"Professional Services (Research, Leadership and Professional Development)",77212
798,VALERIE HANNON CONSULTING LTD,Professional Services,4030
799,VALIANT COMMERCIAL FURNITURE,"Utilities, Infrastructure/Sustainability, Transport and Project Management Services",13281
800,VANDESTADT DESIGN PTY LTD,"Publishing, Printing, Promotions and Communications or Marketing Services",110
801,VAX HEALTH,HR Services,1160
802,VENTURA BUS LINES,"Utilities, Infrastructure/Sustainability, Transport and Project Management Services",1236
803,VET DEVELOPMENT CENTRE LTD,"Professional Services (Research, Leadership and Professional Development)",133000
804,VETASSESS,"Professional Services (Research, Leadership and Professional Development)",76734
805,VIBE SAVOY HOTEL MELBOURNE,"Accommodation, Event, Functions and Conference",22144
806,VICKI JONES PHOTOGRAPHY,"Publishing, Printing, Promotions and Communications or Marketing Services",492
807,VICSEG NEW FUTURES,Training Services,45000
808,VICTORIA LEGAL AID,Professional Services,600
809,VICTORIA RACING CLUB,"Accommodation, Event, Functions and Conference",3815
810,VICTORIA UNIVERSITY,"Professional Services (Research, Leadership and Professional Development)",1382427
811,VICTORIAN ABORIGINAL EDUCATION ASSOCIATION INC,"Professional Services (Research, Leadership and Professional Development)",13100
812,VICTORIAN APPLIED LEARNING ASSOCIATION INC,"Professional Services (Research, Leadership and Professional Development)",20000
813,VICTORIAN ASSOCIATION OF STATE SECONDARY PRINCIPALS INC,"Professional Services (Research, Leadership and Professional Development)",10000
814,VICTORIAN DEAF SOCIETY,Education and Community Development Services,11445
815,VICTORIAN GOVERNMENT SOLICITOR,Professional Services,9303
816,VICTORIAN PRINCIPALS ASSOCIATION INC,"Professional Services (Research, Leadership and Professional Development)",52545
817,VICTORIAN TAFE ASSOCIATION,"Professional Services (Research, Leadership and Professional Development)",80000
818,VICTORIAN YMCA ACCOMMODATION SERVICES PTY LTD,"Accommodation, Event, Functions and Conference",13282
819,VICTORIAN YMCA COMMUNITY PROGRAMMING PTY LTD,Education and Community Development Services,13636
820,VIEW PSYCHOLOGY,Professional Services,7936
821,VIOCORP INTERNATIONAL PTY LTD,"Publishing, Printing, Promotions and Communications or Marketing Services",8330
822,VISIONARY DESIGN DEVELOPMENT PTY LTD,"Publishing, Printing, Promotions and Communications or Marketing Services",13376
823,VISITS PTY LTD,IT Services,283294
824,VITS LANGUAGELINK,Education Services,21586
825,VITTORI COMMUNICATIONS,"Publishing, Printing, Promotions and Communications or Marketing Services",12338
826,VJ CONSULTING,IT Services,237527
827,VJA EDUCATION CONSULTANT,Professional Services,29264
828,WALLACE ITS PTY LTD,IT Services,30556
829,WALLIS CONSULTING GROUP PTY LTD,"Publishing, Printing, Promotions and Communications or Marketing Services",42834
830,WALLY GREEN HYGIENE SERVICES,"Utilities, Infrastructure/Sustainability, Transport and Project Management Services",372
831,WALTHAMIT,IT Services,13816
832,WAREHOUSING FULFILMENT DISTRIBUTION SOLUTIONS PTY LTD,"Utilities, Infrastructure/Sustainability, Transport and Project Management Services",9700
833,WATHAURONG GLASS LIMITED,"Utilities, Infrastructure/Sustainability, Transport and Project Management Services",380
834,WATHAURUNG ABORIGINAL CORPORATION,Education and Community Development Services,200
835,WATTERSON CONSULTING,Education Services,45000
836,WAYAPA WUURRK PTY LTD,Education and Community Development Services,4000
837,WE ARE MOON HOUSE,"Publishing, Printing, Promotions and Communications or Marketing Services",400
838,WEBQEM PTY LTD,IT Services,6720
839,WEBSURVEY UNIT TRUST,"Professional Services (Research, Leadership and Professional Development)",77580
840,WENN CONSULTING,Professional Services,24120
841,WEP AUST PTY LTD,Education and Community Development Services,20425
842,WESTPAC VISA VGGPC,"Financial, Accounting, Audit, Taxation, Risk Management, Insurance Service",10179
843,WESTVIC STAFFING SOLUTIONS INC,"Professional Services (Research, Leadership and Professional Development)",49060
844,WHOLE SCHOOL PARTNERS PTY LTD,Professional Services,273
845,WILCOB PTY LTD,Education Services,385966
846,WILDE AND WOOLLARD QUANTITY SURVEYORS PTY LTD,"Utilities, Infrastructure/Sustainability, Transport and Project Management Services",24000
847,WILLIAMS RAVI PTY LTD,"Utilities, Infrastructure/Sustainability, Transport and Project Management Services",9402
848,WIMMERA SOUTHERN MALLEE LOCAL LEARNING AND EMPLOYMENT NETWORK INC,Training Services,48560
849,WINNING SPIRIT PTY LTD,"Publishing, Printing, Promotions and Communications or Marketing Services",5744
850,WINSER CONSULTANCY,Professional Services,80621
851,WOLF INTERACTIVE PTY LTD,"Publishing, Printing, Promotions and Communications or Marketing Services",1320
852,WONKY TROLLEY,"Accommodation, Event, Functions and Conference",16576
853,WOODWARD MANAGEMENT CONSULTANTS,Professional Services,5460
854,WORK ABLE CONSULTING PTY LTD,Professional Services,3448
855,WORKFOCUS AUSTRALIA PTY LTD,Education and Community Development Services,409
856,WORKLOGIC PTY LTD,Professional Services,108021
857,WORMALD AUSTRALIA PTY LTD,"Utilities, Infrastructure/Sustainability, Transport and Project Management Services",1972
858,WRITERS REIGN,"Publishing, Printing, Promotions and Communications or Marketing Services",4950
859,WSC CONSULTING,Training Services,9923
860,WSP BUILDINGS PTY LTD,"Utilities, Infrastructure/Sustainability, Transport and Project Management Services",4500
861,WURUNDJERI TRIBE LAND AND COMPENSATION CULTURAL HERITAGE COUNCIL INC,Education and Community Development Services,1240
862,WW WEDDERBURN PTY LTD,"Utilities, Infrastructure/Sustainability, Transport and Project Management Services",450
863,WWITE PTY LTD,Professional Services,7000
864,YARN STRONG SISTA PTY LTD,"Professional Services (Research, Leadership and Professional Development)",47805
865,YARROWEE CREEK PASTORAL PTY LTD,Education and Community Development Services,2591
866,YOUNG AND WELL CRC LTD,Professional Services,1500
867,YOUNG MENS CHRISTIAN ASSOCIATION OF BALLARAT,"Accommodation, Event, Functions and Conference",655
868,YOUTH AFFAIRS COUNCIL OF VICTORIA INC,Education and Community Development Services,116913
869,YOUTH CONNECT,Education and Community Development Services,85272
870,YOUTHNOW INC,Education and Community Development Services,213412
871,ZEITEK PTY LTD,IT Services,21947
872,ZENITHOPTIMEDIA AUSTRALIA PTY LIMITED,"Publishing, Printing, Promotions and Communications or Marketing Services",459
873,ZINDEL PTY LTD,IT Services,16459
